bin_start,bin_end,count
-2009.25,-1225.926,9
-1225.926,-442.6020000000001,13
-442.6020000000001,340.72199999999975,26
340.72199999999975,1124.0459999999998,43
1124.0459999999998,1907.37,59
1907.37,2690.6939999999995,64
2690.6939999999995,3474.018,44
3474.018,4257.342,26
4257.342,5040.665999999999,11
5040.665999999999,5823.99,5
