column,count,mean,std,min,25%,50%,75%,max
amount,300.0,1855.8119666666666,1509.4115545899217,-2009.25,740.9575,1906.3,2835.5550000000003,5823.99
